<?xml version="1.0" standalone="yes"?>
<mi:PackageInstaller xmlns:mi="http://www.composite.net/ns/management/packageinstaller/1.0">
  <mi:PackageRequirements minimumCompositeVersion="4.1.5058.34326"
                          maximumCompositeVersion="9.9999.9999.9999" />

  <mi:PackageInformation name="Contribution.CompositeC1Contrib.Teasers"
                         groupName="Contribution.CompositeC1Contrib"
                         version="0.5.0" author="@burningice" website="http://compositec1contrib.codeplex.com"
                         readMoreUrl="http://compositec1contrib.codeplex.com"
                         id="797036af-781c-4eae-bf5f-189550473c3e"
                         canBeUninstalled="true"
                         systemLocking="hard"
                         flushOnCompletion="true">
    <Description>Manage teasers for your website</Description>
    <TechnicalDetails>Manage teasers for your website</TechnicalDetails>
  </mi:PackageInformation>

  <mi:PackageFragmentInstallers>
    <mi:Add installerType="Composite.Core.PackageSystem.PackageFragmentInstallers.FilePackageFragmentInstaller, Composite" uninstallerType="Composite.Core.PackageSystem.PackageFragmentInstallers.FilePackageFragmentUninstaller, Composite">
      <Files>
        <File sourceFilename="~\content\App_Data\Composite\TreeDefinitions\SharedTeasers.xml" targetFilename="~\App_Data\Composite\TreeDefinitions\SharedTeasers.xml" allowOverwrite="true" />
        <File sourceFilename="~\bin\CompositeC1Contrib.Teasers.dll" targetFilename="~\bin\CompositeC1Contrib.Teasers.dll" allowOverwrite="true" />
      </Files>

      <Directories>
        <Directory sourceDirectory="~\content\App_Data\Razor\Teasers\" targetDirectory="~\App_Data\Razor\Teasers\" allowOverwrite="true" deleteTargetDirectory="false" />
        <Directory sourceDirectory="~\content\App_Data\Composite\DynamicTypeForms\CompositeC1Contrib\Teasers\" targetDirectory="~\App_Data\Composite\DynamicTypeForms\CompositeC1Contrib\Teasers\" allowOverwrite="true" deleteTargetDirectory="true" />
        <Directory sourceDirectory="~\content\Composite\content\forms\InstalledPackages\CompositeC1Contrib.Teasers\" targetDirectory="~\Composite\content\forms\InstalledPackages\CompositeC1Contrib.Teasers\" allowOverwrite="true" deleteTargetDirectory="true" />
        <Directory sourceDirectory="~\content\Composite\InstalledPackages\CompositeC1Contrib.Teasers\" targetDirectory="~\Composite\InstalledPackages\CompositeC1Contrib.Teasers\" allowOverwrite="true" deleteTargetDirectory="true" />
      </Directories>
    </mi:Add>

    <mi:Add installerType="Composite.Core.PackageSystem.PackageFragmentInstallers.XmlFileMergePackageFragmentInstaller, Composite" uninstallerType="Composite.Core.PackageSystem.PackageFragmentInstallers.XmlFileMergePackageFragmentUninstaller, Composite">
      <XmlFileMerges>
        <XmlFileMerge changeDefinitionPath="~\config\web.config" targetFilePath="~\web.config" />
        <XmlFileMerge changeDefinitionPath="~\config\App_Data\Composite\composite.config" targetFilePath="~\App_Data\Composite\composite.config" />
      </XmlFileMerges>
    </mi:Add>
  </mi:PackageFragmentInstallers>
</mi:PackageInstaller>