﻿<?xml version="1.0" standalone="yes"?>
<mi:PackageInstaller xmlns:mi="http://www.composite.net/ns/management/packageinstaller/1.0">
  <mi:PackageRequirements minimumCompositeVersion="2.0.3947.24461" 
                          maximumCompositeVersion="9.9999.9999.9999" />
  
  <mi:PackageInformation name="Contribution.CompositeC1Contrib.RazorFunctions" 
                         groupName="Contribution.CompositeC1Contrib" 
                         version="0.8" author="@burningice" website="http://compositec1contrib.codeplex.com" 
                         id="fe766396-6349-4219-a21f-5cc302630d1f" 
                         canBeUninstalled="true" 
                         systemLocking="hard" 
                         flushOnCompletion="false">
    <Description>Execute cshtml files as normal C1 functions</Description>
  </mi:PackageInformation>
  
  <mi:PackageFragmentInstallers>
    <mi:Add installerType="Composite.Core.PackageSystem.PackageFragmentInstallers.FilePackageFragmentInstaller, Composite" uninstallerType="Composite.Core.PackageSystem.PackageFragmentInstallers.FilePackageFragmentUninstaller, Composite">
      <Files>
        <File sourceFilename="~\Bin\CompositeC1Contrib.RazorFunctions.dll" targetFilename="~\Bin\CompositeC1Contrib.RazorFunctions.dll" allowOverwrite="true" />
        <File sourceFilename="~\Bin\System.Web.Helpers.dll" targetFilename="~\Bin\System.Web.Helpers.dll" allowOverwrite="true" />
        <File sourceFilename="~\Bin\System.Web.WebPages.dll" targetFilename="~\Bin\System.Web.WebPages.dll" allowOverwrite="true" />
        <File sourceFilename="~\Bin\System.Web.WebPages.Razor.dll" targetFilename="~\Bin\System.Web.WebPages.Razor.dll" allowOverwrite="true" />
      </Files>

      <Directories>
        <Directory sourceDirectory="~\App_Data\Razor\" targetDirectory="~\App_Data\Razor" allowOverwrite="true" deleteTargetDirectory="true" />
      </Directories>
    </mi:Add>

    <mi:Add installerType="Composite.Core.PackageSystem.PackageFragmentInstallers.FileXslTransformationPackageFragmentInstaller, Composite" uninstallerType="Composite.Core.PackageSystem.PackageFragmentInstallers.FileXslTransformationPackageFragmentUninstaller, Composite">
      <XslFiles>
        <XslFile pathXml="~\Web.config" installXsl="~\Config\web.config\install.xsl" uninstallXsl="~\Config\web.config\uninstall.xsl" />
        <XslFile pathXml="~\App_Data\Composite\Composite.config" installXsl="~\Config\composite.config\install.xsl" uninstallXsl="~\Config\composite.config\uninstall.xsl" />
      </XslFiles>
    </mi:Add>
  </mi:PackageFragmentInstallers>
</mi:PackageInstaller>