﻿<?xml version="1.0" standalone="yes"?>
<mi:PackageInstaller xmlns:mi="http://www.composite.net/ns/management/packageinstaller/1.0">
  <mi:PackageRequirements minimumCompositeVersion="3.0.4358.29126"
                          maximumCompositeVersion="9.9999.9999.9999" />

  <mi:PackageInformation name="Contribution.CompositeC1Contrib.RazorFunctions"
                         groupName="Contribution"
                         version="2.0" author="@burningice" website="http://compositec1contrib.codeplex.com"
                         readMoreUrl="http://docs.composite.net/Contribution.CompositeC1Contrib.RazorFunctions"
                         id="fe766396-6349-4219-a21f-5cc302630d1f"
                         canBeUninstalled="true"
                         systemLocking="hard"
                         flushOnCompletion="false">
    <Description>Execute cshtml files as normal C1 functions</Description>
    <TechnicalDetails>Execute cshtml files as normal C1 functions</TechnicalDetails>
  </mi:PackageInformation>

  <mi:PackageFragmentInstallers>
    <mi:Add
      installerType="Composite.Core.PackageSystem.PackageFragmentInstallers.FilePackageFragmentInstaller, Composite"
      uninstallerType="Composite.Core.PackageSystem.PackageFragmentInstallers.FilePackageFragmentUninstaller, Composite">
      <Files>
        <File sourceFilename="~\Bin\CompositeC1Contrib.Core.dll" targetFilename="~\Bin\CompositeC1Contrib.Core.dll" allowOverwrite="true" />
        <File sourceFilename="~\Bin\CompositeC1Contrib.RazorFunctions.dll" targetFilename="~\Bin\CompositeC1Contrib.RazorFunctions.dll" allowOverwrite="true" />
      </Files>

      <Directories>
        <Directory sourceDirectory="~\content\App_Data\Razor\" targetDirectory="~\App_Data\Razor" allowOverwrite="true" deleteTargetDirectory="false" />
      </Directories>
    </mi:Add>

    <mi:Add
      installerType="Composite.Core.PackageSystem.PackageFragmentInstallers.XmlFileMergePackageFragmentInstaller, Composite"
      uninstallerType="Composite.Core.PackageSystem.PackageFragmentInstallers.XmlFileMergePackageFragmentUninstaller, Composite">
      <XmlFileMerges>
        <XmlFileMerge source="~\config\web.config" target="~\web.config" />
        <XmlFileMerge source="~\config\App_Data\Composite\composite.config" target="~\App_Data\Composite\composite.config" />
      </XmlFileMerges>
    </mi:Add>
  </mi:PackageFragmentInstallers>
</mi:PackageInstaller>