﻿<?xml version="1.0" standalone="yes"?>
<mi:PackageInstaller xmlns:mi="http://www.composite.net/ns/management/packageinstaller/1.0">
  <mi:PackageRequirements minimumCompositeVersion="2.0.3947.24461"
                          maximumCompositeVersion="9.9999.9999.9999" />

  <mi:PackageInformation name="Contribution.CompositeC1Contrib.UserControlFunctions"
                         groupName="Contribution"
                         version="1.4.0" author="@burningice" website="http://compositec1contrib.codeplex.com"
                         readMoreUrl="http://docs.composite.net/Packages/Contribution/User-Control-Functions"
                         id="8df7f37e-baae-4781-940c-0aa74f23c264"
                         canBeUninstalled="true"
                         systemLocking="hard"
                         flushOnCompletion="false">
    <Description>Create and use ASP.NET User Controls as regular C1 functions </Description>
    <TechnicalDetails>Create and use ASP.NET User Controls as regular C1 functions </TechnicalDetails>
  </mi:PackageInformation>

  <mi:PackageFragmentInstallerBinaries>
    <mi:Add path="~/Bin/CompositeC1Contrib.Core.dll" />
  </mi:PackageFragmentInstallerBinaries>

  <mi:PackageFragmentInstallers>
    <mi:Add 
      installerType="Composite.Core.PackageSystem.PackageFragmentInstallers.FilePackageFragmentInstaller, Composite" 
      uninstallerType="Composite.Core.PackageSystem.PackageFragmentInstallers.FilePackageFragmentUninstaller, Composite">
      <Files>
        <File sourceFilename="~\Bin\CompositeC1Contrib.Core.dll" targetFilename="~\Bin\CompositeC1Contrib.Core.dll" allowOverwrite="true" />
        <File sourceFilename="~\Bin\CompositeC1Contrib.UserControlFunctions.dll" targetFilename="~\Bin\CompositeC1Contrib.UserControlFunctions.dll" allowOverwrite="true" />
      </Files>

      <Directories>
        <Directory sourceDirectory="~\content\App_Data\UserControl\" targetDirectory="~\App_Data\UserControl" allowOverwrite="true" deleteTargetDirectory="false" />
      </Directories>
    </mi:Add>

    <mi:Add
      installerType="CompositeC1Contrib.PackageFragmentInstallers.TransformXmlPackageFragmentInstaller, CompositeC1Contrib.Core"
      uninstallerType="CompositeC1Contrib.PackageFragmentInstallers.TransformXmlPackageFragmentUninstaller, CompositeC1Contrib.Core">
      <XmlFiles>
        <XmlFile source="~\config\web.config" target="~\web.config" />
        <XmlFile source="~\config\App_Data\Composite\composite.config" target="~\App_Data\Composite\composite.config" />
      </XmlFiles>
    </mi:Add>
  </mi:PackageFragmentInstallers>
</mi:PackageInstaller>