﻿<?xml version="1.0" standalone="yes"?>
<mi:PackageInstaller xmlns:mi="http://www.composite.net/ns/management/packageinstaller/1.0">
  <mi:PackageRequirements minimumCompositeVersion="2.0.3947.24461"
                          maximumCompositeVersion="9.9999.9999.9999" />

  <mi:PackageInformation name="Contribution.CompositeC1Contrib.UserControlFunctions"
                         groupName="Contribution"
                         version="1.1" author="@burningice" website="http://compositec1contrib.codeplex.com"
                         readMoreUrl="http://docs.composite.net/Contribution.CompositeC1Contrib.UserControlFunctions"
                         id="8df7f37e-baae-4781-940c-0aa74f23c264"
                         canBeUninstalled="true"
                         systemLocking="hard"
                         flushOnCompletion="false">
    <Description>Execute ascx files as normal C1 functions</Description>
		<TechicalDetails>Execute ascx files as normal C1 functions</TechicalDetails>
  </mi:PackageInformation>

  <mi:PackageFragmentInstallers>
    <mi:Add installerType="Composite.Core.PackageSystem.PackageFragmentInstallers.FilePackageFragmentInstaller, Composite" uninstallerType="Composite.Core.PackageSystem.PackageFragmentInstallers.FilePackageFragmentUninstaller, Composite">
      <Files>
        <File sourceFilename="~\Bin\CompositeC1Contrib.Core.dll" targetFilename="~\Bin\CompositeC1Contrib.Core.dll" allowOverwrite="true" />
        <File sourceFilename="~\Bin\CompositeC1Contrib.UserControlFunctions.dll" targetFilename="~\Bin\CompositeC1Contrib.UserControlFunctions.dll" allowOverwrite="true" />
      </Files>

      <Directories>
        <Directory sourceDirectory="~\App_Data\UserControl\" targetDirectory="~\App_Data\UserControl" allowOverwrite="true" deleteTargetDirectory="false" />
      </Directories>
    </mi:Add>

    <mi:Add installerType="Composite.Core.PackageSystem.PackageFragmentInstallers.FileXslTransformationPackageFragmentInstaller, Composite" uninstallerType="Composite.Core.PackageSystem.PackageFragmentInstallers.FileXslTransformationPackageFragmentUninstaller, Composite">
      <XslFiles>
        <XslFile pathXml="~\Web.config" installXsl="~\Config\web.config\install.xsl" uninstallXsl="~\Config\web.config\uninstall.xsl" />
        <XslFile pathXml="~\App_Data\Composite\Composite.config" installXsl="~\Config\composite.config\install.xsl" uninstallXsl="~\Config\composite.config\uninstall.xsl" />
      </XslFiles>
    </mi:Add>
  </mi:PackageFragmentInstallers>
</mi:PackageInstaller>