﻿<?xml version="1.0" standalone="yes"?>
<mi:PackageInstaller xmlns:mi="http://www.composite.net/ns/management/packageinstaller/1.0">
  <mi:PackageRequirements minimumCompositeVersion="4.0.4897.31550" 
                          maximumCompositeVersion="9.9999.9999.9999" />
  
  <mi:PackageInformation name="Contribution.CompositeC1Contrib.Favorites" 
                         groupName="Contribution.CompositeC1Contrib" 
                         version="1.0.5" author="@burningice" website="http://compositec1contrib.codeplex.com" 
                         readMoreUrl="http://compositec1contrib.codeplex.com"
                         id="b88187c5-d10e-4a98-811c-4c893d8ddce3" 
                         canBeUninstalled="true" 
                         systemLocking="hard" 
                         flushOnCompletion="false">
    <Description>Put those most used functions in a favorite folder for easy access</Description>
    <TechnicalDetails>Put those most used functions in a favorite folder for easy access</TechnicalDetails>
  </mi:PackageInformation>
  
  <mi:PackageFragmentInstallers>
    <mi:Add installerType="Composite.Core.PackageSystem.PackageFragmentInstallers.FilePackageFragmentInstaller, Composite" uninstallerType="Composite.Core.PackageSystem.PackageFragmentInstallers.FilePackageFragmentUninstaller, Composite">
      <Files>
        <File sourceFilename="~\Bin\CompositeC1Contrib.Favorites.dll" targetFilename="~\Bin\CompositeC1Contrib.Favorites.dll" allowOverwrite="true" />
      </Files>

      <Directories>
        <Directory sourceDirectory="~\Composite\Content\Forms\InstalledPackages\CompositeC1Contrib.Favorites\" targetDirectory="~\Composite\Content\Forms\InstalledPackages\CompositeC1Contrib.Favorites" allowOverwrite="true" deleteTargetDirectory="true" />
      </Directories>
    </mi:Add>

    <mi:Add installerType="Composite.Core.PackageSystem.PackageFragmentInstallers.FileXslTransformationPackageFragmentInstaller, Composite" uninstallerType="Composite.Core.PackageSystem.PackageFragmentInstallers.FileXslTransformationPackageFragmentUninstaller, Composite">
      <XslFiles>
        <XslFile pathXml="~\Web.config" installXsl="~\Config\web.config\install.xsl" uninstallXsl="~\Config\web.config\uninstall.xsl" />
        <XslFile pathXml="~\App_Data\Composite\Composite.config" installXsl="~\Config\composite.config\install.xsl" uninstallXsl="~\Config\composite.config\uninstall.xsl" />
      </XslFiles>
    </mi:Add>
  </mi:PackageFragmentInstallers>
</mi:PackageInstaller>