﻿<?xml version="1.0" standalone="yes"?>
<mi:PackageInstaller xmlns:mi="http://www.composite.net/ns/management/packageinstaller/1.0">
  <mi:PackageRequirements minimumCompositeVersion="4.0.4897.31550" 
                          maximumCompositeVersion="9.9999.9999.9999" />
  
  <mi:PackageInformation name="CompositeC1Contrib.Security" 
                         groupName="Contribution.CompositeC1Contrib" 
                         version="0.5.0" author="@burningice" website="http://compositec1contrib.codeplex.com" 
                         readMoreUrl="http://compositec1contrib.codeplex.com"
                         id="498bfe4a-6be4-4589-b8fb-7aadec82177d" 
                         canBeUninstalled="true" 
                         systemLocking="hard" 
                         flushOnCompletion="false">
    <Description>Membership and Roleprovider for C1</Description>
    <TechnicalDetails>Membership and Roleprovider for C1</TechnicalDetails>
  </mi:PackageInformation>
  
  <mi:PackageFragmentInstallers>
    <mi:Add installerType="Composite.Core.PackageSystem.PackageFragmentInstallers.FilePackageFragmentInstaller, Composite" uninstallerType="Composite.Core.PackageSystem.PackageFragmentInstallers.FilePackageFragmentUninstaller, Composite">
      <Files>
        <File sourceFilename="~\Bin\CompositeC1Contrib.Security.dll" targetFilename="~\Bin\CompositeC1Contrib.Security.dll" allowOverwrite="true" />
      </Files>

      <Directories>
        <Directory sourceDirectory="~\content\Composite\content\forms\InstalledPackages\CompositeC1Contrib.Security\" targetDirectory="~\Composite\content\forms\InstalledPackages\CompositeC1Contrib.Security\" allowOverwrite="true" deleteTargetDirectory="true" />
      </Directories>
    </mi:Add>

    <mi:Add installerType="Composite.Core.PackageSystem.PackageFragmentInstallers.XmlFileMergePackageFragmentInstaller, Composite" uninstallerType="Composite.Core.PackageSystem.PackageFragmentInstallers.XmlFileMergePackageFragmentUninstaller, Composite">
      <XmlFileMerges>
        <XmlFileMerge changeDefinitionPath="~\config\web.config" targetFilePath="~\web.config" />
        <XmlFileMerge changeDefinitionPath="~\config\App_Data\Composite\composite.config" targetFilePath="~\App_Data\Composite\composite.config" />
      </XmlFileMerges>
    </mi:Add>
  </mi:PackageFragmentInstallers>
</mi:PackageInstaller>