﻿<?xml version="1.0" standalone="yes"?>
<mi:PackageInstaller xmlns:mi="http://www.composite.net/ns/management/packageinstaller/1.0">
  <mi:PackageRequirements minimumCompositeVersion="2.1.4113.99" 
                          maximumCompositeVersion="9.9999.9999.9999" />
  
  <mi:PackageInformation name="Contribution.CompositeC1Contrib.DownloadFoldersAsZip" 
                         groupName="Contribution.CompositeC1Contrib" 
                         version="1.0.1" author="@burningice" website="http://compositec1contrib.codeplex.com" 
                         id="b7bb2faa-8833-4e6e-9b15-c7e74406eff8" 
                         canBeUninstalled="true" 
                         systemLocking="hard" 
                         flushOnCompletion="false">
    <Description>Enables downloading of folders from Media Archives or Filesystem via context menu in the Console.</Description>
  </mi:PackageInformation>
  
  <mi:PackageFragmentInstallers>
    <mi:Add installerType="Composite.Core.PackageSystem.PackageFragmentInstallers.FilePackageFragmentInstaller, Composite" uninstallerType="Composite.Core.PackageSystem.PackageFragmentInstallers.FilePackageFragmentUninstaller, Composite">
      <Files>
        <File sourceFilename="~\Bin\CompositeC1Contrib.DownloadFoldersAsZip.dll" targetFilename="~\Bin\CompositeC1Contrib.DownloadFoldersAsZip.dll" allowOverwrite="true" />
      </Files>

      <Directories>
        <Directory sourceDirectory="~\Composite\InstalledPackages\CompositeC1Contrib.DownloadFoldersAsZip\" targetDirectory="~\Composite\InstalledPackages\CompositeC1Contrib.DownloadFoldersAsZip" allowOverwrite="true" deleteTargetDirectory="true" />
      </Directories>
    </mi:Add>

    <mi:Add installerType="Composite.Core.PackageSystem.PackageFragmentInstallers.FileXslTransformationPackageFragmentInstaller, Composite" uninstallerType="Composite.Core.PackageSystem.PackageFragmentInstallers.FileXslTransformationPackageFragmentUninstaller, Composite">
      <XslFiles>
        <XslFile pathXml="~\App_Data\Composite\Composite.config" installXsl="~\Config\composite.config\install.xsl" uninstallXsl="~\Config\composite.config\uninstall.xsl" />
      </XslFiles>
    </mi:Add>
  </mi:PackageFragmentInstallers>
</mi:PackageInstaller>