﻿<?xml version="1.0" standalone="yes"?>
<mi:PackageInstaller xmlns:mi="http://www.composite.net/ns/management/packageinstaller/1.0">
  <mi:PackageRequirements minimumCompositeVersion="2.1.4232.23639" 
                          maximumCompositeVersion="9.9999.9999.9999" />
  
  <mi:PackageInformation name="Contribution.CompositeC1Contrib.SiteMapProvider" 
                         groupName="Contribution.CompositeC1Contrib" 
                         version="1.5" author="@burningice" website="http://compositec1contrib.codeplex.com" 
                         readMoreUrl="http://docs.composite.net/Contribution.CompositeC1Contrib.Core"
                         id="242a1470-98fa-40ec-a4ce-3baaefdeceb2" 
                         canBeUninstalled="true" 
                         systemLocking="hard" 
                         flushOnCompletion="false">
    <Description>Asp.Net SiteMap Provider for Composite C1 based on the page structure. On installation with multiple sites, the provider only contains pages for the current context.</Description>
    <TechnicalDetails>Asp.Net SiteMap Provider for Composite C1 based on the page structure. On installation with multiple sites, the provider only contains pages for the current context.</TechnicalDetails>
  </mi:PackageInformation>
    
  <mi:PackageFragmentInstallers>
    <mi:Add 
      installerType="Composite.Core.PackageSystem.PackageFragmentInstallers.FilePackageFragmentInstaller, Composite" 
      uninstallerType="Composite.Core.PackageSystem.PackageFragmentInstallers.FilePackageFragmentUninstaller, Composite">
      <Files>
        <File sourceFilename="~\Bin\CompositeC1Contrib.Core.dll" targetFilename="~\Bin\CompositeC1Contrib.Core.dll" allowOverwrite="true" />
        <File sourceFilename="~\Bin\CompositeC1Contrib.SiteMapProvider.dll" targetFilename="~\Bin\CompositeC1Contrib.SiteMapProvider.dll" allowOverwrite="true" />
      </Files>
    </mi:Add>

    <mi:Add
      installerType="CompositeC1Contrib.PackageFragmentInstallers.TransformXmlPackageFragmentInstaller, CompositeC1Contrib.Core"
      uninstallerType="CompositeC1Contrib.PackageFragmentInstallers.TransformXmlPackageFragmentUninstaller, CompositeC1Contrib.Core">
      <XmlFiles>
        <XmlFile source="~\config\web.config" target="~\web.config" />
      </XmlFiles>
    </mi:Add>
  </mi:PackageFragmentInstallers>
</mi:PackageInstaller>