﻿<?xml version="1.0" standalone="yes"?>
<mi:PackageInstaller xmlns:mi="http://www.composite.net/ns/management/packageinstaller/1.0">
  <mi:PackageRequirements minimumCompositeVersion="2.1.4113.99" 
                          maximumCompositeVersion="2.9999.9999.9999" />
  
  <mi:PackageInformation name="Contribution.CompositeC1Contrib.SiteMapProvider" 
                         groupName="Contribution.CompositeC1Contrib" 
                         version="1.0.0" author="@burningice" website="http://compositec1contrib.codeplex.com" 
                         id="242a1470-98fa-40ec-a4ce-3baaefdeceb2" 
                         canBeUninstalled="true" 
                         systemLocking="hard" 
                         flushOnCompletion="false">
    <Description>Asp.Net SiteMap Provider for Composite C1 based on the page structure. On installation with multiple sites, the provider only contains pages for the current context.</Description>
  </mi:PackageInformation>
  
  <mi:PackageFragmentInstallerBinaries />
  
  <mi:PackageFragmentInstallers>
    <mi:Add 
      installerType="Composite.Core.PackageSystem.PackageFragmentInstallers.FilePackageFragmentInstaller, Composite" 
      uninstallerType="Composite.Core.PackageSystem.PackageFragmentInstallers.FilePackageFragmentUninstaller, Composite">
      <Files>
        <File sourceFilename="~\Bin\CompositeC1Contrib.dll" targetFilename="~\Bin\CompositeC1Contrib.dll" allowOverwrite="true" />
        <File sourceFilename="~\Bin\CompositeC1Contrib.SiteMapProvider.dll" targetFilename="~\Bin\CompositeC1Contrib.SiteMapProvider.dll" allowOverwrite="true" />
      </Files>
      <Directories />
    </mi:Add>
    
    <mi:Add 
      installerType="Composite.Core.PackageSystem.PackageFragmentInstallers.FileXslTransformationPackageFragmentInstaller, Composite" 
      uninstallerType="Composite.Core.PackageSystem.PackageFragmentInstallers.FileXslTransformationPackageFragmentUninstaller, Composite" 
      Ordering="10">
      <XslFiles>
        <XslFile pathXml="~\Web.config" installXsl="~\Config\Install.xsl" uninstallXsl="~\Config\Uninstall.xsl" />
      </XslFiles>
    </mi:Add>
  </mi:PackageFragmentInstallers>
</mi:PackageInstaller>