﻿<?xml version="1.0" standalone="yes"?>
<mi:PackageInstaller xmlns:mi="http://www.composite.net/ns/management/packageinstaller/1.0">
  <mi:PackageRequirements minimumCompositeVersion="3.0.4331.234" 
                          maximumCompositeVersion="9.9999.9999.9999" />
  
  <mi:PackageInformation name="Contribution.CompositeC1Contrib.FormBuilder" 
                         groupName="Contribution" 
                         version="0.2" author="@burningice" website="http://compositec1contrib.codeplex.com" 
                         readMoreUrl="http://compositec1contrib.codeplex.com"
                         id="ddae5f9b-32c8-45ef-9144-5155c1e6d0b4" 
                         canBeUninstalled="true" 
                         systemLocking="hard" 
                         flushOnCompletion="true">
    <Description>Generic formbuilder functionality where both dynamic and static types can be used as Form Fields</Description>
    <TechnicalDetails>Generic formbuilder functionality where both dynamic and static types can be used as Form Fields</TechnicalDetails>
  </mi:PackageInformation>
  
  <mi:PackageFragmentInstallers>
    <mi:Add installerType="Composite.Core.PackageSystem.PackageFragmentInstallers.FilePackageFragmentInstaller, Composite" uninstallerType="Composite.Core.PackageSystem.PackageFragmentInstallers.FilePackageFragmentUninstaller, Composite">
      <Files>
        <File sourceFilename="~\Bin\CompositeC1Contrib.Core.dll" targetFilename="~\Bin\CompositeC1Contrib.Core.dll" allowOverwrite="true" />
        <File sourceFilename="~\Bin\CompositeC1Contrib.Sorting.dll" targetFilename="~\Bin\CompositeC1Contrib.Sorting.dll" allowOverwrite="true" />
        <File sourceFilename="~\Bin\CompositeC1Contrib.FormBuilder.dll" targetFilename="~\Bin\CompositeC1Contrib.FormBuilder.dll" allowOverwrite="true" />
      </Files>

      <Directories>
        <Directory sourceDirectory="~\App_Data\Composite\DynamicTypeForms\CompositeC1Contrib\FormBuilder\Data\Types\" targetDirectory="~\App_Data\Composite\DynamicTypeForms\CompositeC1Contrib\FormBuilder\Data\Types" allowOverwrite="true" deleteTargetDirectory="true" />
        <Directory sourceDirectory="~\Composite\content\forms\InstalledPackages\CompositeC1Contrib.FormBuilder\" targetDirectory="~\Composite\content\forms\InstalledPackages\CompositeC1Contrib.FormBuilder" allowOverwrite="true" deleteTargetDirectory="true" />
      </Directories>
    </mi:Add>

    <mi:Add installerType="Composite.Core.PackageSystem.PackageFragmentInstallers.FileXslTransformationPackageFragmentInstaller, Composite" uninstallerType="Composite.Core.PackageSystem.PackageFragmentInstallers.FileXslTransformationPackageFragmentUninstaller, Composite">
      <XslFiles>
        <XslFile pathXml="~\App_Data\Composite\Composite.config" installXsl="~\Config\install.xsl" uninstallXsl="~\Config\uninstall.xsl" />
      </XslFiles>
    </mi:Add>
  </mi:PackageFragmentInstallers>
</mi:PackageInstaller>