﻿<?xml version="1.0" standalone="yes"?>
<mi:PackageInstaller xmlns:mi="http://www.composite.net/ns/management/packageinstaller/1.0">
  <mi:PackageRequirements minimumCompositeVersion="3.1.4400.42718" 
                          maximumCompositeVersion="9.9999.9999.9999" />
  
  <mi:PackageInformation name="Contribution.CompositeC1Contrib.FacebookMediaProvider" 
                         groupName="Contribution.CompositeC1Contrib" 
                         version="0.1.1" author="@burningice" website="http://compositec1contrib.codeplex.com" 
                         readMoreUrl="http://compositec1contrib.codeplex.com"
                         id="9dfe6139-c147-4a4c-b218-65842db7fd33" 
                         canBeUninstalled="true" 
                         systemLocking="hard" 
                         flushOnCompletion="false">
    <Description>Add your albums from Facebook into the MediaArchive</Description>
    <TechnicalDetails>Add your albums from Facebook into the MediaArchive</TechnicalDetails>
  </mi:PackageInformation>
  
  <mi:PackageFragmentInstallers>
    <mi:Add installerType="Composite.Core.PackageSystem.PackageFragmentInstallers.FilePackageFragmentInstaller, Composite" uninstallerType="Composite.Core.PackageSystem.PackageFragmentInstallers.FilePackageFragmentUninstaller, Composite">
      <Files>
        <File sourceFilename="~\Bin\CompositeC1Contrib.DataProviders.FacebookMediaProvider.dll" targetFilename="~\Bin\CompositeC1Contrib.DataProviders.FacebookMediaProvider.dll" allowOverwrite="true" />
        <File sourceFilename="~\Bin\Facebook.dll" targetFilename="~\Bin\Facebook.dll" allowOverwrite="true" />

        <File sourceFilename="~\App_Data\Composite\TreeDefinitions\FacebookAlbums.xml" targetFilename="~\App_Data\Composite\TreeDefinitions\FacebookAlbums.xml" allowOverwrite="true" />
      </Files>

      <Directories>
        <Directory sourceDirectory="~\App_Data\Composite\DynamicTypeForms\CompositeC1Contrib\DataProviders\FacebookMediaProvider\" targetDirectory="~\App_Data\Composite\DynamicTypeForms\CompositeC1Contrib\DataProviders\FacebookMediaProvider" allowOverwrite="true" deleteTargetDirectory="true" />
      </Directories>
    </mi:Add>

    <mi:Add installerType="Composite.Core.PackageSystem.PackageFragmentInstallers.FileXslTransformationPackageFragmentInstaller, Composite" uninstallerType="Composite.Core.PackageSystem.PackageFragmentInstallers.FileXslTransformationPackageFragmentUninstaller, Composite">
      <XslFiles>
        <XslFile pathXml="~\App_Data\Composite\Composite.config" installXsl="~\Config\install.xsl" uninstallXsl="~\Config\uninstall.xsl" />
      </XslFiles>
    </mi:Add>
  </mi:PackageFragmentInstallers>
</mi:PackageInstaller>