﻿<cms:formdefinition xmlns:cms="http://www.composite.net/ns/management/bindingforms/1.0" xmlns="http://www.composite.net/ns/management/bindingforms/std.ui.controls.lib/1.0" xmlns:ff="http://www.composite.net/ns/management/bindingforms/std.function.lib/1.0" xmlns:f="http://www.composite.net/ns/function/1.0">
  <cms:bindings>
    <cms:binding name="Id" type="System.Guid" optional="true" />
    <cms:binding name="Label" type="System.String" optional="true" />
    <cms:binding name="DefaultValue" type="System.String" optional="true" />
    <cms:binding name="HelpText" type="System.String" optional="true" />
    <cms:binding name="ValidationRule" type="System.String" optional="true" />
    <cms:binding name="LocalOrdering" type="System.Int32" optional="true" />
  </cms:bindings>
  
  <cms:layout>
    <cms:layout.label>
      <cms:read source="Label" />
    </cms:layout.label>
    
    <FieldGroup>
      <TextBox Label="Label">
        <TextBox.Text>
          <cms:bind source="Label" />
        </TextBox.Text>
      </TextBox>

      <TextBox Label="Default Value">
        <TextBox.Text>
          <cms:bind source="DefaultValue" />
        </TextBox.Text>
      </TextBox>

      <TextBox Label="Help Text">
        <TextBox.Text>
          <cms:bind source="HelpText" />
        </TextBox.Text>
      </TextBox>

      <TextBox Label="Validation Rule">
        <TextBox.Text>
          <cms:bind source="ValidationRule" />
        </TextBox.Text>
      </TextBox>

      <TextBox Label="Local order">
        <TextBox.Text>
          <cms:bind source="LocalOrdering" />
        </TextBox.Text>
      </TextBox>
    </FieldGroup>
  </cms:layout>
</cms:formdefinition>