﻿<?xml version="1.0" encoding="utf-8"?>
<ElementStructure xmlns="http://www.composite.net/ns/management/trees/treemarkup/1.0" xmlns:f="http://www.composite.net/ns/function/1.0">
  <ElementStructure.AutoAttachments>
    <NamedParent Name="System" Position="Bottom" />
  </ElementStructure.AutoAttachments>

  <ElementRoot>
    <Children>
      <Element Label="Manage Facebook Albums" Id="FacebookAlbums" Icon="folder" OpenedIcon="folder-open">
        <Actions>
          <AddDataAction Type="CompositeC1Contrib.DataProviders.FacebookMediaProvider.IFacebookAlbum" Label="Add album"></AddDataAction>
        </Actions>

        <Children>
          <DataElements Type="CompositeC1Contrib.DataProviders.FacebookMediaProvider.IFacebookAlbum">
            <Actions>
              <EditDataAction Label="Edit" />
              <DeleteDataAction Label="Delete" />
            </Actions>
          </DataElements>
        </Children>
      </Element>
    </Children>
  </ElementRoot>
</ElementStructure>
