﻿<?xml version="1.0" standalone="yes"?>
<mi:PackageInstaller xmlns:mi="http://www.composite.net/ns/management/packageinstaller/1.0">
  <mi:PackageRequirements minimumCompositeVersion="2.1.4113.99" 
                          maximumCompositeVersion="9.9999.9999.9999" />
  
  <mi:PackageInformation name="Contribution.CompositeC1Contrib.Email" 
                         groupName="Contribution.CompositeC1Contrib" 
                         version="0.3.0" author="@burningice" website="http://compositec1contrib.codeplex.com" 
                         id="b1be3dc0-74d1-47b7-998a-07d100020e34" 
                         canBeUninstalled="true" 
                         systemLocking="hard" 
                         flushOnCompletion="false">
    <Description>Centralized email management, queues etc.</Description>
  </mi:PackageInformation>
  
  <mi:PackageFragmentInstallers>
    <mi:Add installerType="Composite.Core.PackageSystem.PackageFragmentInstallers.FilePackageFragmentInstaller, Composite" uninstallerType="Composite.Core.PackageSystem.PackageFragmentInstallers.FilePackageFragmentUninstaller, Composite">
      <Files>
        <File sourceFilename="~\Bin\CompositeC1Contrib.Email.dll" targetFilename="~\Bin\CompositeC1Contrib.Email.dll" allowOverwrite="true" />
      </Files>

      <Directories>
        <Directory sourceDirectory="~\Composite\Content\Forms\InstalledPackages\CompositeC1Contrib.Email\" targetDirectory="~\Composite\Content\Forms\InstalledPackages\CompositeC1Contrib.Email" allowOverwrite="true" deleteTargetDirectory="true" />
      </Directories>
    </mi:Add>

    <mi:Add installerType="Composite.Core.PackageSystem.PackageFragmentInstallers.FileXslTransformationPackageFragmentInstaller, Composite" uninstallerType="Composite.Core.PackageSystem.PackageFragmentInstallers.FileXslTransformationPackageFragmentUninstaller, Composite">
      <XslFiles>
        <XslFile pathXml="~\App_Data\Composite\Composite.config" installXsl="~\Config\install.xsl" uninstallXsl="~\Config\uninstall.xsl" />
      </XslFiles>
    </mi:Add>
  </mi:PackageFragmentInstallers>
</mi:PackageInstaller>