﻿<?xml version="1.0" standalone="yes"?>
<mi:PackageInstaller xmlns:mi="http://www.composite.net/ns/management/packageinstaller/1.0">
  <mi:PackageRequirements minimumCompositeVersion="4.0.4897.31550"
                          maximumCompositeVersion="9.9999.9999.9999" />

  <mi:PackageInformation name="CompositeC1Contrib.Email"
                         groupName="Contribution.CompositeC1Contrib"
                         version="0.4.3" author="@burningice" website="http://compositec1contrib.codeplex.com"
                         readMoreUrl="http://compositec1contrib.codeplex.com"
                         id="b1be3dc0-74d1-47b7-998a-07d100020e34"
                         canBeUninstalled="true"
                         systemLocking="hard"
                         flushOnCompletion="false">
    <Description>Centralized email management, queues etc.</Description>
    <TechnicalDetails>Centralized email management, queues etc.</TechnicalDetails>
  </mi:PackageInformation>

  <mi:PackageFragmentInstallers>
    <mi:Add installerType="Composite.Core.PackageSystem.PackageFragmentInstallers.FilePackageFragmentInstaller, Composite" uninstallerType="Composite.Core.PackageSystem.PackageFragmentInstallers.FilePackageFragmentUninstaller, Composite">
      <Files>
        <File sourceFilename="~\Bin\CompositeC1Contrib.Email.dll" targetFilename="~\Bin\CompositeC1Contrib.Email.dll" allowOverwrite="true" />
      </Files>

      <Directories>
        <Directory sourceDirectory="~\content\Composite\Content\Forms\InstalledPackages\CompositeC1Contrib.Email\" targetDirectory="~\Composite\Content\Forms\InstalledPackages\CompositeC1Contrib.Email" allowOverwrite="true" deleteTargetDirectory="true" />
        <Directory sourceDirectory="~\content\Composite\InstalledPackages\CompositeC1Contrib.Email\" targetDirectory="~\Composite\InstalledPackages\CompositeC1Contrib.Email" allowOverwrite="true" deleteTargetDirectory="true" />
      </Directories>
    </mi:Add>

    <mi:Add installerType="Composite.Core.PackageSystem.PackageFragmentInstallers.XmlFileMergePackageFragmentInstaller, Composite" uninstallerType="Composite.Core.PackageSystem.PackageFragmentInstallers.XmlFileMergePackageFragmentUninstaller, Composite">
      <XmlFileMerges>
        <XmlFileMerge changeDefinitionPath="~\config\App_Data\Composite\composite.config" targetFilePath="~\App_Data\Composite\composite.config" />
      </XmlFileMerges>
    </mi:Add>
  </mi:PackageFragmentInstallers>
</mi:PackageInstaller>