﻿<?xml version="1.0" standalone="yes"?>
<mi:PackageInstaller xmlns:mi="http://www.composite.net/ns/management/packageinstaller/1.0">
  <mi:PackageRequirements minimumCompositeVersion="2.1.4113.99" 
                          maximumCompositeVersion="2.9999.9999.9999" />
  
  <mi:PackageInformation name="Contribution.CompositeC1Contrib.Core" 
                         groupName="Contribution.CompositeC1Contrib" 
                         version="1.0.2" author="@burningice" website="http://compositec1contrib.codeplex.com" 
                         id="bc9f4504-b04a-4a57-a959-401839cb3565" 
                         canBeUninstalled="true" 
                         systemLocking="hard" 
                         flushOnCompletion="false">
    <Description>User contributions, hacks and optimization to Composite C1 CMS.</Description>
  </mi:PackageInformation>
  
  <mi:PackageFragmentInstallerBinaries />
  
  <mi:PackageFragmentInstallers>
    <mi:Add 
      installerType="Composite.Core.PackageSystem.PackageFragmentInstallers.FilePackageFragmentInstaller, Composite" 
      uninstallerType="Composite.Core.PackageSystem.PackageFragmentInstallers.FilePackageFragmentUninstaller, Composite">
      <Files>
        <File sourceFilename="~\Bin\CompositeC1Contrib.dll" 
              targetFilename="~\Bin\CompositeC1Contrib.dll" 
              allowOverwrite="false" />
      </Files>
      <Directories />
    </mi:Add>
    
    <mi:Add 
      installerType="Composite.Core.PackageSystem.PackageFragmentInstallers.FileXslTransformationPackageFragmentInstaller, Composite" 
      uninstallerType="Composite.Core.PackageSystem.PackageFragmentInstallers.FileXslTransformationPackageFragmentUninstaller, Composite" 
      Ordering="10">
      <XslFiles>
        <XslFile pathXml="~\Web.config" 
                 installXsl="~\Config\Install.xsl" 
                 uninstallXsl="~\Config\Uninstall.xsl" />
      </XslFiles>
    </mi:Add>
    
    <mi:Add 
      installerType="Composite.Core.PackageSystem.PackageFragmentInstallers.DataPackageFragmentInstaller, Composite" 
      uninstallerType="Composite.Core.PackageSystem.PackageFragmentInstallers.DataPackageFragmentUninstaller, Composite">
      <Types />
    </mi:Add>
  </mi:PackageFragmentInstallers>
</mi:PackageInstaller>